{"N_components" : 4,
"Kor" : [[0.0117, 0.036738],
     [0.0135162, 0.02863584]],
"Ea" : [[30190, 30190],[30190,30190]],
"reaction_coefficients" :[[-2,1,1,0],[-1,-1,1,1]],
"elv_coefficients" : [[5.658375,5307.813,379.456,714.2],
                        [6.194778,7947.647,317.1246,557.0],
                        [5.602657,418.1773,474.214,190.8],
                        [-14.7697,-15484.2,122.524,0.0000037852]],
"Vr" : 1.0
}